entry_id,e_signed,predictions
8825262,1,0
9216889,1,0
1762129,0,1
7249770,1,1
5967375,1,1
4009856,1,0
4991941,1,1
7842967,1,1
8066551,1,1
3635893,1,0
7229674,1,1
5822339,1,1
9725877,1,0
3392735,1,1
3680680,0,1
8645013,0,0
5645713,1,1
4683646,1,0
6740666,0,0
9729984,0,0
2512202,0,1
3413839,1,0
4824349,1,1
9257957,0,0
4820360,0,0
4785491,1,0
9481293,0,0
1226824,0,0
5416671,0,1
2268824,1,1
7232006,0,1
6252721,0,1
8562324,0,1
2649651,1,1
6031411,1,0
1390958,1,0
5646221,0,0
4533648,0,0
4761580,0,1
3578226,0,1
7821250,0,0
5577257,1,0
5871095,0,1
4345202,1,0
6256822,0,0
4590558,1,1
9588274,0,0
1240717,0,0
2933238,1,1
9706303,1,1
2100375,1,1
8579017,0,1
6243853,0,1
8576700,0,1
9096313,0,1
4091229,1,1
1259107,1,1
4869136,1,1
8222582,1,1
5021745,0,0
4252472,1,1
7150687,1,1
8092654,1,1
1638614,0,0
4711867,0,1
7523935,1,0
9284740,1,1
3392625,0,1
5785016,1,1
6496918,1,0
5041715,0,1
5213970,0,0
2120933,1,1
4079351,1,1
9591670,1,0
5462382,1,1
9052988,1,1
1355802,1,1
4820694,1,0
9565767,1,1
6401987,1,1
1941849,0,1
6781493,1,1
2131189,0,1
2841897,0,0
1645757,1,1
2186090,1,0
2667617,1,1
6806275,1,1
1610309,1,0
2718065,0,1
5191769,1,1
9547970,1,1
7115100,0,1
4693597,0,0
6923000,0,0
1877044,1,1
7447360,1,1
3578938,1,1
3259352,0,0
4208990,0,0
9062303,1,1
9113237,0,0
3756943,0,0
3054486,1,0
6443059,1,1
4615465,1,1
7683634,0,0
5229916,1,1
7424966,1,1
6528203,0,0
9997871,1,1
7955604,1,0
2270151,1,0
7298024,0,0
9073467,0,0
1645354,1,0
9559604,0,0
5747537,1,1
1423581,1,0
5727740,1,1
6465120,0,1
6013434,1,1
6881872,0,0
6366264,1,1
3297041,1,0
9418896,1,0
2168329,1,0
8054780,1,1
3654912,1,0
9392038,0,1
9514241,0,0
1344476,1,1
4151960,0,1
9015270,1,0
9404107,0,0
4618839,1,1
9900702,0,0
8920634,1,1
2260838,0,1
1436688,0,0
9704051,0,1
5275546,0,1
4193986,0,0
1712100,0,0
8021912,1,0
6838842,1,1
1892127,1,0
3183126,1,1
4869619,0,1
8016881,0,1
7035380,1,1
2116317,1,1
8502704,0,0
7300625,0,0
5943133,0,0
1477882,1,1
3022371,1,0
6739041,1,0
9016361,1,0
9903441,1,1
9648692,0,0
2721956,1,1
9963473,0,0
4856772,0,0
1843262,0,0
7608227,1,1
6990817,1,0
8799270,1,1
4197858,1,0
3826720,1,1
8664665,0,0
2636355,0,1
7253971,1,0
9067388,1,1
6862143,0,0
1183883,0,1
9625138,1,1
8279496,1,1
9961463,1,1
2762643,0,1
5645911,0,0
1374785,0,1
2093300,0,0
1213384,1,0
8242502,0,0
5246016,1,1
9579656,1,1
2093938,1,1
9023369,1,0
6642661,1,0
2259938,1,0
6638662,1,1
5116647,1,1
7570629,0,0
5106028,1,0
7445400,1,0
6217378,0,1
8891169,1,0
4929011,0,0
7430455,1,1
9992416,1,1
7718794,1,1
8248706,0,1
4363308,0,0
5789104,0,0
5806631,0,0
5218692,0,1
6941803,1,0
7622712,0,0
5488208,0,0
2548242,0,0
8435954,1,1
1276104,0,1
2952681,0,0
8641380,0,1
9575170,1,1
6787896,1,1
8406850,0,0
4488073,1,0
1517110,1,1
9899964,1,1
5867004,1,0
1467679,1,1
1402500,1,1
2689700,1,1
1986576,1,0
6810744,1,1
5962028,1,0
2241656,0,0
7351276,1,0
8419046,0,0
2111123,1,0
6176073,1,1
5944960,1,1
5692389,1,0
4072268,1,1
5294825,0,1
6662197,0,0
9554222,1,1
2366936,0,1
2825822,0,0
7696482,0,0
7499716,0,1
8768915,0,1
1128751,1,1
3056823,1,1
2667259,0,1
9375169,0,1
6270791,0,0
2323238,0,1
9456946,1,1
8095885,1,0
4848054,1,0
9375601,0,1
7263554,1,1
5191913,0,0
8572331,1,1
2056116,0,0
8544722,0,0
7376184,1,1
6093659,0,1
3804880,0,0
6702038,0,0
4343205,0,1
5078392,1,0
1288195,0,1
1484207,1,0
3406573,0,1
3522881,1,0
9759102,0,0
2204506,1,1
7999356,0,0
9960168,0,0
1702120,1,1
6438675,1,0
3003105,0,0
5565421,1,1
5970156,1,0
5270880,0,1
2182881,0,0
6446751,0,0
8941712,0,1
9536401,1,0
6245617,1,0
6912391,0,1
5626921,0,0
4537463,1,1
1640604,1,1
9725158,0,1
4917346,1,0
9476138,1,0
3440492,1,1
2481082,0,0
5799478,0,0
6966205,0,0
5619830,1,0
6024191,1,0
7712053,0,0
4718390,0,0
6622304,1,1
5543681,0,1
4981167,1,0
5099906,1,1
6458990,0,0
6049658,1,0
7567962,0,1
4000334,1,0
6674827,0,0
8175814,1,1
3265344,0,0
7575708,1,0
2392090,1,0
9207379,0,0
5662762,0,0
7037207,1,1
3011172,0,1
1496917,1,1
7635877,1,0
2752856,1,0
1926565,0,1
4541842,1,1
3155691,0,1
7553595,1,0
6979313,1,0
9488135,1,1
1580115,1,1
9348875,1,1
7994396,1,1
8988820,1,1
2964341,1,0
1520239,0,0
6402890,1,0
6387530,1,1
8099082,0,1
3002755,1,0
2843318,0,1
7198619,1,1
5266388,0,0
3120440,1,1
1276664,0,0
7239983,1,0
9892043,1,1
7253272,1,1
3110306,1,1
9637974,1,1
9909259,0,1
2835822,0,1
4230330,0,0
2156314,1,1
6646360,1,0
6834293,1,1
8623940,1,0
1366112,0,0
1148010,1,1
1666361,1,0
9736332,1,1
9166946,1,1
9552647,0,0
3926553,0,0
2455954,0,1
5553716,0,0
8076735,1,1
2352191,0,1
5919680,0,0
9987069,1,1
2019094,0,1
6142084,0,0
8241597,0,0
6196216,1,0
9326111,1,1
9125001,0,1
2410280,1,1
7708908,0,1
5761036,0,0
3451510,0,1
3622761,1,1
7889449,1,0
8931253,0,1
1508828,0,0
6064549,1,1
3936907,1,1
5050096,0,1
8970228,1,1
1228970,0,0
3379342,0,1
9252803,1,1
9473539,1,1
4407088,1,1
2727440,0,0
8156839,1,1
4011729,1,1
9732947,1,1
6889184,1,0
2007270,0,0
7840854,1,1
1850904,1,1
1520249,0,0
6103134,1,1
8254052,1,0
1212952,1,1
9598236,0,1
4982856,0,0
2092510,1,0
3288270,0,1
4488789,1,1
9001316,1,1
2120701,0,0
3154669,1,1
4540547,1,1
4844737,1,1
8837562,1,1
1715799,0,1
9124884,1,1
4267255,0,0
5829968,0,0
9844027,1,1
4670787,0,0
2399717,1,1
3781831,0,1
3833319,0,1
4035165,0,0
1997762,1,1
1342940,0,0
6928516,0,0
3416284,0,1
9009405,1,1
6331630,1,0
2892575,1,0
2436602,0,0
2637169,1,1
7309411,1,1
9330349,0,0
5706435,0,0
7246016,0,0
5716025,0,0
4650494,1,0
3163164,0,0
9626780,0,0
1826913,1,1
2643081,0,0
2671714,1,1
4514459,1,1
3652392,1,1
5896278,0,1
7005821,1,1
3439726,1,1
7596578,0,0
7105293,1,1
6590735,0,0
1250371,1,0
8558677,1,1
6731668,0,1
2573431,0,1
8808509,0,0
1401385,0,0
2718414,0,1
1717503,1,0
7890332,1,1
7497510,0,1
9282019,1,1
2171173,0,1
1193433,1,1
5046002,1,1
1389493,0,0
6707103,1,1
4137843,0,0
3324863,0,0
1518855,0,0
9353614,0,1
5406872,1,0
8583721,0,0
4980605,1,1
2376872,0,1
1576332,0,1
5996153,1,1
1141780,0,0
6618370,0,1
7914012,0,0
4525132,1,1
5633353,1,0
2872212,0,1
8269410,1,1
5022909,0,0
1807355,0,0
2570249,1,1
5618005,0,1
9319038,1,1
6695191,0,1
9894614,1,1
9152011,0,0
6596008,0,1
3363215,0,0
2375500,0,0
9953608,1,1
3557065,1,1
4946581,1,1
6590961,0,0
6152191,0,0
2391215,1,1
2268149,0,0
3597208,1,1
9276048,1,0
5032836,0,0
3128441,0,1
6395417,1,1
9983201,0,1
7207594,0,0
3978995,1,1
3189428,0,0
7564411,1,1
9420783,1,1
4409061,1,1
4742467,0,0
8940164,0,1
6816128,1,1
7096651,0,0
2071398,0,1
7648711,0,0
9958583,0,1
9305108,0,1
6128462,1,0
6714142,1,1
9064677,1,1
7553286,1,1
2394471,1,1
4588306,1,1
6195091,1,1
1463246,1,1
7177680,1,0
7478909,0,1
5987358,1,0
9005201,0,0
7205666,0,1
6531873,1,1
9138109,1,0
3260998,1,0
6929550,0,1
2776255,0,1
2343198,1,0
5380502,1,1
8090419,0,0
2555493,1,1
6540947,0,0
1349472,1,0
9663525,1,0
9463182,1,1
2665699,1,1
9855168,1,0
3121424,0,0
2460110,0,0
8124377,0,0
8515555,1,0
4123690,1,1
2294700,0,0
3198477,1,1
4277035,0,0
6382757,1,0
1280915,1,1
9295928,1,0
5822893,0,1
2776923,0,0
7239874,0,0
5060603,1,1
1382768,0,0
7576006,1,1
9537876,1,0
6421571,1,0
6362213,1,1
6912493,1,0
6230124,1,0
9369765,0,0
3307702,1,1
8252852,0,1
3635882,1,0
7943638,1,1
4789469,1,1
2115836,1,1
3657292,0,0
6175324,0,1
9687424,1,1
7813079,0,1
2849735,1,1
9814955,1,1
7222703,0,0
6109541,1,1
8895398,1,1
1466127,0,0
7949740,0,1
2500484,0,0
7056712,1,0
5813580,0,1
8259110,1,1
3064209,0,1
6608105,0,0
1864241,0,0
9085984,1,0
6120352,0,0
9230561,0,1
6286542,0,0
8240610,0,1
2243954,0,0
9342743,1,1
9080543,0,0
7628048,1,0
6999834,0,1
8265013,0,1
9403488,1,1
3036159,1,1
2735677,1,1
5200867,0,1
6794795,0,1
6284565,1,1
5390085,0,0
2231677,1,1
8573740,1,1
2375064,0,1
6333397,0,0
7653301,1,1
4336376,1,1
9226475,0,1
2488652,1,1
5108363,0,1
3175348,0,1
5203736,1,1
3446441,1,0
4015622,0,0
3826682,1,1
5909574,1,1
5811807,0,0
3227397,0,0
6923321,1,1
4670705,0,0
9630599,1,1
8901746,1,1
3496246,1,1
2687164,1,1
8130439,0,1
9519589,0,1
1396439,0,0
4694254,0,0
9705191,0,0
5851495,1,0
2579410,0,0
6394448,0,1
8583567,1,0
2822773,0,1
3490761,1,1
8239521,0,1
8724421,1,1
9070263,0,0
6968131,1,1
6228707,1,1
4246616,0,0
7248231,1,0
1925532,1,1
1823600,0,1
6463120,0,0
1143589,1,1
8221640,0,1
6530810,1,1
3073400,1,0
4677810,0,1
5131950,1,1
7598257,1,1
8287579,0,1
3637690,0,0
8440367,0,0
4862126,1,1
5604204,1,1
3456429,1,1
2150478,1,1
4642437,1,1
6883384,1,0
5268075,1,1
8959757,1,1
9444662,1,0
8878454,0,1
5972150,1,1
6493191,1,1
6428960,1,0
5521470,1,1
7685631,1,1
6533241,0,0
1392780,1,1
1244148,0,1
8449403,1,0
5341783,1,1
5795913,1,0
6866453,0,1
2792850,1,0
6362307,1,0
9059673,0,0
7160044,1,0
4301366,1,1
5134356,0,1
8273248,0,0
3325855,0,0
7462707,0,0
5004193,0,0
3778735,0,0
6294585,0,1
6760757,1,1
2409137,1,1
7181464,1,1
3385813,1,0
7015597,0,0
9613118,1,1
1349042,1,1
9762109,1,1
7742308,0,0
7264130,0,0
3123697,1,0
8668886,1,1
3075940,1,1
2761222,1,1
8628633,0,0
2753435,1,1
3338100,1,1
4413412,0,0
2984101,1,1
1988197,1,1
5286406,0,0
5859105,1,1
4443370,1,1
4805765,0,1
3263198,1,1
3349357,1,1
7714575,0,1
4674244,0,1
8587272,0,0
6881479,0,0
4353591,0,0
5123982,1,0
8795382,0,0
7038237,0,1
1505441,0,1
8780012,1,1
7844145,0,0
3074315,0,1
6942821,0,1
5150035,0,1
5661596,0,0
9385570,0,1
3273297,1,0
1829614,0,1
5706646,1,1
4908481,0,1
6977461,1,0
6018851,1,0
6549194,1,1
6007432,1,1
7617424,0,0
6517074,0,1
6937519,1,0
6888350,0,0
8136461,1,1
8159335,0,1
8096663,1,1
8160681,1,1
7030809,1,1
7973359,0,0
6520497,0,1
6659692,1,1
3922364,1,1
3580117,1,1
2172182,1,0
6746966,0,1
3079034,1,1
2880429,1,0
7342853,0,0
2615309,1,1
5561181,0,0
7143406,0,1
6445105,1,1
7443808,0,0
6908783,1,1
6084362,1,1
9032767,1,0
4221386,0,1
1893891,1,0
6204520,1,1
1337458,0,0
9623648,1,1
5413897,0,0
2602061,0,1
9220867,0,0
2432557,0,1
2528605,1,0
8680967,1,1
6577095,1,1
6817974,1,1
2633067,1,1
5038970,1,1
5253455,0,1
3963096,0,1
7609568,1,1
6428253,1,0
3101795,1,1
9689285,0,0
6438728,1,1
1926599,1,1
6017637,0,1
7603314,0,0
7777612,0,1
1592856,0,0
3465072,1,1
4379788,1,1
4018027,1,1
7876714,1,1
3568127,1,1
7804377,1,1
5115673,1,1
9086296,0,0
4752068,0,0
7058715,0,0
2065623,1,1
3675544,1,1
4079897,0,1
2324298,0,1
4128486,1,0
9980908,1,0
1949734,0,0
2809518,0,1
8712339,1,0
8181468,1,1
3254572,0,1
9024505,0,1
5148166,1,1
1887182,0,1
9285821,0,1
6697202,1,0
3965932,1,0
5674447,1,1
3851215,1,1
1652323,0,1
7931654,1,0
7945571,1,1
8382052,1,1
8101865,0,1
3275691,1,1
5480804,0,1
9323249,1,1
9701567,1,0
2634939,1,1
2704665,0,0
2913020,1,0
7478439,1,1
5827901,0,1
1563912,0,1
5540874,0,0
1725297,1,1
9140636,1,1
7663912,0,0
6967688,0,1
4079233,1,0
2411857,1,1
3102615,1,1
2635289,1,0
8659433,1,0
3918851,0,0
7932883,0,0
7299549,1,1
8782802,1,0
3395537,0,1
7585483,1,1
1979180,0,1
2441106,1,1
6093196,0,1
5217929,1,1
7723740,0,0
2261059,1,0
3644336,1,1
9536687,0,1
6231007,1,0
3776153,1,1
4419813,0,0
3368293,0,0
1392400,0,1
1322198,0,0
6124791,1,1
3896386,0,0
5113098,1,1
6412780,0,0
2207020,1,0
9701581,1,0
2866553,0,1
4599392,1,1
1277641,0,0
9556054,1,1
7801544,1,1
7077217,1,1
7761383,1,0
2322776,0,0
7045673,1,0
9845727,0,1
1258618,0,1
1633491,1,0
2527687,1,0
1128481,0,0
2149277,1,1
9271318,1,1
9562172,0,1
7052421,0,0
8917811,1,1
5884299,0,0
9386836,1,1
2838666,1,0
6460139,1,1
8778625,0,0
1612127,1,1
5703333,0,0
1465464,1,0
5969771,1,1
2952136,1,1
1568013,0,0
8831757,0,0
7771949,1,1
9031307,0,1
9907630,1,1
4288035,0,0
4192684,0,0
3572383,0,0
9552687,1,1
3495139,1,1
6812936,0,1
6751852,0,1
4195961,1,0
3337988,1,1
9212516,1,1
6688286,1,1
5713992,1,1
8955550,1,1
9071675,0,1
8791454,0,0
4017769,1,1
5009723,0,1
4307634,0,0
4781853,1,0
2115620,0,1
3306815,0,0
1337619,0,1
4861319,1,1
9186327,0,0
5606094,0,0
4810013,1,1
3682618,0,0
5729509,1,0
8554268,0,0
2560942,1,1
5169066,0,0
3330771,0,0
5227688,0,1
7298517,0,0
2434655,0,1
7692174,1,1
3468504,0,0
7297547,1,0
1469690,0,1
6617622,1,1
8412409,0,1
7104658,1,1
9668079,0,0
3945884,1,0
8293752,0,1
4285797,1,1
2764172,0,1
3288066,1,1
4657261,1,1
4386316,1,0
8826219,1,1
5187804,0,1
2042923,0,0
6062836,1,0
8553149,0,1
4171257,1,0
6840723,0,0
8822859,0,1
9641176,1,0
6832611,1,1
8516907,0,0
8467815,0,1
8751818,0,1
3260412,0,1
3771306,0,1
2614674,1,1
6415111,0,0
4553666,1,0
9720931,0,1
7467483,1,1
6439407,0,0
8831139,1,0
4817919,1,0
8445226,1,1
7366249,1,0
8916872,0,1
8381866,0,0
3469823,0,1
2458633,1,1
6921317,1,1
3168156,1,0
9933979,1,0
5016621,1,0
7641807,0,1
4220600,1,1
1560973,0,0
7685394,1,0
2223801,1,1
2625277,1,1
7899565,0,1
6400357,1,1
7878983,1,1
3926913,1,1
5637654,1,1
6030231,1,1
4874256,0,0
6588263,0,1
8654696,0,0
3001885,0,0
8969648,0,0
8498536,0,0
5512288,1,0
5486082,1,1
3485659,0,0
1955981,0,0
1961959,1,0
3740562,0,1
9443937,0,1
2183668,1,1
6465347,0,1
7367181,0,0
3975529,1,1
9788704,0,1
6786567,0,1
3054334,0,0
6493046,1,1
4781519,1,1
1415839,0,0
5710791,1,0
6667809,0,0
2301792,1,1
3499861,1,0
1399848,0,0
6695589,0,0
4423455,0,0
8089518,0,1
7407660,0,1
7827104,1,1
8979856,0,1
9577374,0,1
8273891,1,1
9593413,0,1
1326172,0,1
5054559,1,1
1879492,0,0
5308315,0,0
5491983,1,1
4823677,0,1
8351955,0,0
3640482,1,0
2595433,1,1
2539233,1,1
3097330,1,0
7331510,0,0
1688281,0,1
4102841,1,0
9373229,1,0
2783415,0,0
9656955,1,1
9933430,1,0
5206048,1,0
3431401,1,1
8603049,1,1
4689414,0,0
3279469,1,1
4796003,1,1
6807716,0,1
5861524,0,1
1951427,1,1
2545717,1,1
6047684,0,1
2955140,0,1
1279443,1,1
3381745,0,1
8447108,0,1
5026745,1,0
2029985,0,0
2126085,1,1
8087806,0,1
4623040,0,1
7763958,0,0
9529914,0,0
4537677,1,1
9796639,0,0
8937291,1,1
2242083,0,0
7620682,0,1
4528661,0,1
5046782,1,0
8059531,0,0
9553358,1,0
3780257,0,0
2546075,0,1
5411877,0,0
2305184,0,0
7282255,1,1
9977944,1,0
6433743,1,0
3412450,0,1
1991763,0,0
3844460,1,1
8781553,1,1
7101979,0,0
4682878,0,1
7713625,1,1
7576927,0,1
3260062,1,1
2223611,0,1
9853316,1,1
8724056,1,1
6244412,0,1
9533119,1,1
8360133,0,1
6148527,1,1
9108664,0,0
9158796,1,1
7312042,1,1
2414485,0,1
6842976,1,1
4975501,0,0
4920036,1,0
6938563,0,0
1540097,1,0
7242062,0,0
9841253,1,0
2424981,0,1
7193982,1,1
7878155,0,0
4512981,1,1
2789765,0,0
3946208,0,1
9312186,0,1
4826632,1,1
5294460,1,0
5675276,1,1
7987771,0,1
7068542,1,0
3433504,1,1
8549261,0,0
4936083,1,1
2705429,0,0
7272658,1,0
3744366,1,1
5249709,0,0
7898316,1,1
8199796,1,0
9680016,1,1
4465706,1,1
7592650,1,1
8616363,0,1
9381580,0,1
2409237,0,0
7365847,0,0
7664820,1,0
1471794,1,1
8354557,0,1
6128664,1,1
4274110,1,0
9509555,0,0
4985148,1,1
7697058,1,1
8924965,0,0
1966251,1,0
6603977,0,1
6081235,0,0
7626427,1,1
9542373,1,1
2204814,0,0
7279926,0,0
3277557,0,1
7250877,1,0
4317405,1,1
8573521,0,0
2744012,0,1
2480287,0,0
6220263,0,1
7223887,0,1
5850572,1,1
7788454,1,1
8747249,1,0
4409584,1,1
1416638,1,1
2960825,0,0
3374802,1,1
2011225,0,0
7015780,0,1
2613531,1,0
2747560,1,0
8352835,0,0
8810608,0,0
5700559,1,1
7799619,0,0
3542574,0,1
2966192,1,0
8116324,1,0
2895328,0,0
1115491,1,1
7146899,0,0
2289085,0,1
4181196,0,0
6836546,1,1
3365494,1,1
1748676,1,0
9059668,0,0
4233962,0,0
9597322,0,1
9252125,1,0
7762975,1,1
7683491,0,0
4515991,0,1
2118828,0,0
9168787,1,1
6219016,0,0
9191502,0,1
3694296,0,0
8085488,0,0
1553910,0,0
2142425,0,0
1479287,0,1
8138208,1,1
9872019,0,0
1794156,1,1
5347489,1,0
8118202,1,1
8131694,1,1
8346470,1,1
4811120,1,1
1570091,1,1
5134683,0,0
6612584,1,1
5339355,0,0
8530703,1,0
6982693,0,0
3539251,1,1
9531861,1,0
1495666,0,0
4219535,1,0
7612898,0,0
5289294,0,0
9422934,1,0
5950454,0,0
6920118,1,1
5366117,1,1
9771128,1,0
7536100,1,1
8390564,0,1
9516010,0,0
4744253,1,1
5002988,1,0
9642396,1,1
6923370,0,0
6679557,0,1
9902157,1,1
4596296,0,0
8365629,0,0
5306928,0,0
6613141,0,1
5070275,0,0
5462622,1,1
8981594,0,1
4982916,1,0
2379921,0,1
2828165,0,1
3111159,0,1
7598400,0,0
9005261,0,1
1659147,0,1
5006780,1,0
7687805,1,1
2763784,0,0
5442988,1,0
7289603,1,1
6389380,0,0
3486923,0,1
9098322,1,1
5873236,1,1
4210547,0,0
6584253,1,1
1961937,0,0
9530482,1,0
6384995,1,1
7721988,0,0
6989789,1,0
8590087,0,1
5673380,1,1
4470403,0,0
2163118,1,0
1892547,0,0
6629334,0,0
7644897,1,1
9180385,0,0
8590015,1,1
2582496,1,1
4979061,0,1
3976918,0,1
6797058,1,1
8105042,0,1
7558064,0,0
9162469,1,1
2864796,0,1
5672849,1,1
1221421,1,1
2584402,0,0
1408689,0,1
9630546,1,1
8488844,1,1
7038943,1,1
3152001,0,1
6210273,0,0
6350065,0,1
2528910,1,1
5439764,0,1
1290716,0,1
5311443,0,1
5317774,1,1
5924636,0,0
6232773,0,1
2643225,0,1
7181973,0,1
5684536,1,0
9797113,0,0
9554600,1,0
4620430,0,0
7194490,0,1
4628590,0,1
9118955,0,0
7409569,1,1
2801383,1,1
9468974,1,0
4927655,0,0
4539525,1,1
9666721,1,1
5163264,0,0
8274800,1,1
4688069,1,1
8822229,1,1
1174353,0,0
1326932,1,1
7864482,1,0
6036271,0,0
4415184,1,1
4985718,1,1
3831591,0,0
4729714,0,0
2656150,1,0
9836199,0,0
5668948,1,1
7756729,1,0
4685007,0,0
1432605,0,0
1538396,1,0
9844964,0,0
4008705,1,1
5066320,1,1
3475044,1,0
8700190,1,1
2863062,1,1
2345933,0,0
1633372,1,1
3462848,1,1
1144227,1,0
2785046,0,1
2285006,0,1
1283794,1,0
9616046,1,1
4005048,1,1
1693036,1,0
5049077,0,0
8513516,1,1
9655132,0,0
9943060,0,1
5425555,0,0
4023058,0,1
3238531,1,1
8336715,0,1
6762586,1,1
7830849,0,1
8868954,1,1
5669739,0,1
8213682,1,1
2136909,1,1
9467154,0,0
6351013,0,0
2840010,1,1
3183957,0,0
8642101,1,1
5351766,0,1
8794678,1,0
4878928,1,1
7255936,0,0
2547941,0,1
7234459,1,1
7795851,0,0
9425237,1,0
3199409,1,1
5659209,1,1
6003019,1,0
3179129,0,1
7278232,1,1
2525622,1,1
6898345,1,0
1643377,1,1
5211186,0,0
7917540,1,1
2324302,1,1
7598929,0,0
7004602,0,1
1591549,1,1
7331222,0,0
8206766,1,1
3383150,1,0
6626049,0,1
2452008,0,0
7160016,0,0
7386116,1,1
2293670,0,1
5920509,1,1
3541775,1,1
9450516,1,1
7489765,1,1
5224790,0,1
4345658,1,1
9417884,1,1
2683124,0,1
2419610,0,0
5029137,0,0
9379150,0,0
4154591,1,1
7228970,1,0
9147331,0,1
6071005,1,1
6439001,0,0
8473050,1,1
7044588,0,0
9684796,0,0
6387643,1,1
4861895,0,1
5397318,0,1
7413246,0,1
7800155,0,1
9612358,0,1
3456438,1,1
8781532,1,0
9444033,1,1
4326107,0,0
3814154,0,1
7083364,1,0
6347799,0,1
5281644,0,1
9327659,1,1
3472251,1,1
2655551,1,1
6675777,1,1
6037578,1,1
7253878,0,0
6966301,1,1
6619323,1,1
9365861,0,0
7486919,1,1
5989710,1,1
8031822,1,0
4177507,0,0
3554361,0,0
6921900,0,1
7573148,1,1
2890351,0,0
5762560,0,1
5573583,1,1
6802684,1,1
3240672,1,0
8984413,1,1
4736767,1,1
6107358,1,0
3459935,1,1
9642138,0,0
4456254,0,0
8990324,1,1
7989393,1,0
9181475,1,1
2809357,1,0
6984728,0,0
4464142,1,0
6923875,1,1
7928408,1,0
6023951,0,0
5097461,0,1
6394272,1,0
6626407,0,0
5273366,1,0
8892710,0,0
6792507,0,0
5935313,1,1
8030678,1,1
2319813,1,1
4830106,1,1
3134899,1,1
5678480,1,1
2789275,1,0
4002302,1,1
1135722,1,1
2375201,0,1
8757331,1,0
4942575,0,1
1914051,0,1
2663047,0,1
7740134,0,0
2455932,0,0
6035132,1,1
4939773,1,1
5510519,1,0
3125770,1,1
1955161,0,0
9159098,1,1
6761514,0,1
4291730,0,0
6799951,1,1
4508644,0,1
8071065,0,1
6584621,1,1
8743125,1,0
7172541,1,1
4181597,1,1
5320053,1,1
2247197,1,1
3488384,0,1
9567868,0,0
4012091,1,0
1430044,1,0
6074164,0,1
8888778,0,0
8134652,1,0
7160027,1,1
9877201,1,1
2458234,1,0
2497560,0,0
7140214,1,1
1277018,0,1
6320169,0,1
7178432,1,0
4757484,0,1
8449687,0,0
6575071,1,1
7183217,1,1
1344059,1,0
4951666,1,1
2621661,1,1
7041547,1,1
5455991,1,1
9097274,1,1
9520735,1,1
5703140,0,0
7241417,1,1
2593806,1,1
7561051,1,1
2905504,1,1
9913064,1,1
3605941,0,0
3688991,1,0
5597142,1,0
7535112,0,1
1970320,0,0
7243487,1,1
4981118,1,1
2983128,0,1
1271407,1,1
5143410,1,1
8587296,1,0
8232654,0,0
9529045,0,1
2918860,1,1
8014983,1,1
3372511,0,1
8185676,1,1
4831229,0,0
5633128,1,1
2803755,1,1
2617819,0,1
2350324,1,0
9475523,1,1
3907188,1,1
7303990,1,0
2342376,1,1
5167135,0,1
8388137,0,1
1894207,0,1
6534406,0,0
9205251,0,1
4342517,0,0
6074732,1,0
3189302,0,1
5461425,0,0
4272181,1,1
6006328,1,1
2954090,1,0
3957527,1,1
5450992,1,1
6052746,0,0
1683328,1,1
4012088,1,0
4102782,1,1
6078297,0,0
6108919,0,0
8072828,0,1
4505279,0,0
3798187,1,1
6491069,1,1
4209589,1,1
2512093,0,0
5932958,0,0
2736392,1,0
9259323,1,1
8892762,1,1
3563973,1,1
2231863,0,0
6190499,1,1
9657407,1,1
2069927,1,0
7165668,0,0
7646473,1,1
2122726,1,1
2228520,0,1
2489333,1,1
9160885,1,1
5407920,1,0
6472493,0,1
2241015,1,0
5833373,0,1
9837553,1,1
7149588,1,1
5041329,0,0
1996281,1,0
2241463,0,1
4526897,1,1
3545106,1,0
4872089,0,0
5533281,0,1
5452383,1,1
7964730,1,0
5308649,0,1
8605580,1,0
3365315,1,1
3850033,1,0
5179438,0,1
7593227,1,1
2109503,0,1
9441381,1,1
6163562,0,0
2408277,1,1
5567640,1,1
3063657,0,1
8664431,1,1
8671817,0,0
9603730,1,1
7162804,0,0
4293106,1,0
9713355,0,0
3529263,1,1
6233109,1,0
6288714,1,0
5898891,0,1
6948425,1,1
5539084,1,0
4566788,1,1
3186628,0,1
9295791,1,1
7014003,1,1
2998175,0,1
7544924,0,1
3523399,1,0
2076252,0,1
8821909,1,1
9919153,1,1
6865002,0,0
3169817,0,0
4672216,0,0
2966552,0,0
9753527,0,1
8227710,0,0
1782792,0,1
2477128,1,1
1977707,0,0
7431279,0,0
9583528,1,0
9819400,1,0
3446697,0,1
3182849,0,1
2051391,1,1
4960662,0,0
2367586,1,1
8268290,0,0
3280987,1,0
3066211,0,0
7457611,0,0
9616977,0,0
8427774,0,0
5851824,0,0
7683918,1,1
7494666,1,1
3190680,0,0
9796136,1,1
1735995,1,1
3349280,0,0
9190154,1,1
7023362,1,1
2930836,0,1
7325292,0,0
9167568,1,1
7588707,1,1
1241399,1,1
3644917,1,1
6156266,1,1
8013584,1,1
5497436,0,0
4467236,0,0
6583262,1,1
6085993,0,0
6179413,0,0
8299592,0,0
8010338,1,1
6444275,0,1
3789912,1,1
6858069,1,1
4362306,0,1
4820780,1,1
7290251,1,1
1336557,0,0
6828969,1,0
6780142,0,0
6182560,1,0
1808381,0,1
6662483,1,1
3645051,0,0
7444314,0,1
5374304,1,1
3007881,1,0
7573925,0,1
4209373,1,0
2585901,0,0
8412904,0,0
2311542,1,1
1186604,1,1
4200238,1,1
8251990,1,1
2757799,0,0
4620728,0,1
2178251,0,1
2344973,1,1
6702716,0,1
8311934,1,1
4373576,1,0
5461372,0,1
2548317,0,1
1188593,0,0
7441734,0,1
9217393,0,0
3246909,1,0
9336587,1,0
8594066,0,1
1592369,0,0
3457489,0,0
7187757,1,1
6827320,0,0
4724230,0,1
4093200,1,1
6476452,0,0
7807172,0,1
8512862,0,0
7559563,0,1
4175447,0,0
2626256,1,1
9113589,1,1
1713229,1,1
4960398,0,1
6678672,0,0
5561278,0,0
8819674,1,1
7294271,1,1
2113878,1,1
4109286,0,0
9279823,1,1
4359874,1,0
8602021,0,0
6639796,0,0
2123500,1,1
1182781,0,1
2525167,1,1
2420177,1,1
2042006,1,1
2226747,1,1
1741566,1,1
9775441,1,0
1251451,1,1
3675587,1,0
4388912,0,1
6623850,0,0
7102347,1,0
8677700,1,1
7477183,0,1
9311124,1,1
4312061,0,0
2870481,1,0
5093297,1,1
4776569,1,1
4067363,0,0
2372104,1,0
9156264,1,1
2462963,1,0
9387283,0,0
8762806,1,1
2197802,1,1
8889995,1,1
8511252,1,1
5605099,1,1
6628209,0,0
3364549,1,1
9915823,0,1
3386085,1,1
6589771,0,1
9778412,0,0
7846271,1,1
3816674,0,1
6658749,1,0
5510169,0,1
8071665,0,1
6923898,0,0
4557860,0,1
5674863,1,1
2099805,0,0
7748020,0,0
5012265,1,1
5957125,0,0
9143159,1,1
3086336,0,0
5028251,1,1
2526837,0,1
2282942,1,0
9540557,0,1
2744703,1,0
8469423,1,0
1839935,1,1
9409574,0,0
5353480,1,0
2631107,1,1
3719148,1,0
9225926,1,0
6523449,0,1
6086488,1,1
5656521,0,1
6111295,0,0
6790559,1,1
5178074,1,1
8646039,0,0
3722007,0,0
5386654,1,1
2878275,0,0
4322131,1,1
2746846,0,1
8371557,0,0
9085746,0,1
7510194,0,1
5840619,0,0
7766447,0,1
9584407,1,1
2091778,1,1
4833994,0,0
5969377,1,0
5691514,1,1
4713051,1,0
3872471,0,0
1400931,0,0
6467518,1,1
2542984,0,0
3263249,0,1
2664866,1,0
9057764,1,1
7783744,0,1
1414147,0,1
9885361,1,1
6419188,1,1
5004637,1,1
9232103,0,0
2899585,1,1
2148427,0,0
5996027,1,1
6294448,1,1
2057017,0,0
5256194,0,0
8901727,0,1
5607187,0,0
6933813,0,0
4767118,1,1
7778072,0,1
9861185,0,0
5561135,1,1
7606927,1,1
4327194,1,0
5899787,1,1
3005562,1,1
3867076,1,1
5196973,1,0
2698595,1,0
6095905,1,0
1264552,0,0
2040701,0,0
5554579,0,1
1416584,1,0
1538358,1,1
9246070,1,1
9298598,1,1
9750068,1,1
7772612,0,0
8875034,1,0
5467388,1,1
1740524,0,0
5222879,1,0
9443887,1,1
5044034,0,0
1386923,0,1
6245194,0,1
2771385,0,0
1765539,0,0
2965699,1,1
2304324,0,1
3612435,1,1
2285292,0,0
8886720,0,0
8678024,1,0
5195933,1,1
2890270,0,0
4146484,0,0
4207239,0,0
8319141,0,1
5968091,1,1
4070791,1,0
8133398,0,0
2231395,0,0
9588604,0,0
1828635,1,1
4874156,1,0
9542787,1,1
9648590,0,0
6221113,1,1
9656420,0,0
2228046,0,1
1847624,0,0
9611545,0,1
9449654,0,0
8611218,1,1
9957124,1,1
6878599,1,1
9417188,0,0
8339042,0,0
3172742,0,0
4669426,1,1
4858021,1,1
2980595,0,0
8208728,1,1
3316721,1,1
6786554,1,1
6907984,1,0
4335284,1,1
9880348,0,1
8491987,0,0
2892625,1,0
9433430,0,0
2525320,0,1
9923104,1,1
2750085,1,1
3607492,1,0
8939661,1,1
8116446,1,1
6713642,0,1
2396921,0,1
1994351,0,0
2421470,1,0
7078787,1,1
5612086,0,1
1512518,1,0
2754261,1,1
1876216,1,0
9397620,0,0
1392971,1,0
8282314,1,1
5550420,0,0
6606621,1,0
7729293,0,1
7559447,1,1
3271967,0,1
6335022,0,1
8891219,0,0
2064065,1,1
1253877,1,0
1687969,0,0
2696028,0,0
3132076,0,0
7025564,1,0
2368058,0,0
4151729,0,1
4717863,1,1
3672564,1,1
8249526,1,1
4146248,1,0
8951276,0,1
7695012,1,1
6656748,0,1
9926902,0,1
4326716,1,1
1408842,0,1
3402818,1,1
1735724,1,1
2337784,1,0
4708455,1,1
4432516,0,1
9488596,0,1
7030267,1,1
4036808,0,0
8619293,1,0
6626777,0,1
7642427,1,0
9536975,1,1
4025697,0,1
8605537,1,1
1392748,1,1
9014546,0,0
4480787,1,1
3443301,0,0
2272002,0,0
3681692,0,0
4108542,0,1
6870116,1,0
3680796,1,1
6999151,0,0
4259244,1,1
4454519,1,1
4105188,1,1
9032235,0,0
1750629,0,1
6097690,0,0
5452273,1,0
3758216,0,1
9495617,1,1
2105077,0,0
9893886,1,1
7354372,0,1
2569405,0,1
4400451,0,1
2819226,0,0
8146598,1,1
2002406,1,1
7278835,0,0
3635780,0,0
4442050,0,1
3349909,1,1
6696057,0,0
8089497,1,1
5058891,0,0
7912090,1,1
5746957,1,0
3933699,1,0
3461533,0,0
1735624,1,1
6756324,1,1
2786299,1,0
3198918,1,1
9822049,0,1
8183007,0,1
4960296,1,1
4100979,0,0
5182060,1,1
1944628,1,1
8324916,1,1
7132992,1,1
2253337,1,1
6350071,0,0
1323916,1,1
5193203,0,1
3281775,1,0
8122976,0,1
5197183,1,0
9703135,1,0
1288219,0,0
7594246,1,0
5914108,0,0
6229575,1,1
4770963,0,0
9347077,1,0
6579751,1,0
8931080,0,0
3144432,1,0
8277611,0,0
1294604,1,1
6920383,1,1
5649117,0,0
2443158,1,1
2157379,1,0
9707552,1,1
7994550,0,1
3170637,0,0
4356708,0,0
2383162,0,0
8521704,1,1
1635600,0,1
7266091,1,1
2474066,0,0
4931298,1,0
6937819,1,1
3834544,0,0
2239967,0,0
8962654,1,1
8805358,1,1
8870680,0,1
2220221,0,0
1472752,1,0
6596842,1,0
3090456,1,0
4210849,0,0
3456827,0,0
3702483,0,0
8471833,0,0
5893639,0,1
5461945,0,0
9494509,0,1
3233528,1,1
5922629,0,0
9259535,1,0
7616210,0,1
9407398,0,0
9394117,1,0
5099395,1,0
3652279,0,1
3932331,1,1
1974337,1,1
7816523,1,0
4304617,1,0
6087156,1,1
9985941,1,1
3555342,1,1
8164631,0,1
4652607,0,1
7985076,0,0
2487917,0,0
4739795,1,0
2907457,0,1
4631758,1,1
9502219,1,1
1455352,0,1
6059655,0,0
9536712,0,0
4647187,0,1
6879090,0,0
9125150,0,1
9633859,1,1
7544289,1,1
4454351,1,1
5643648,0,1
7923966,0,1
2596490,1,1
1872781,0,0
9253950,0,1
3511174,1,1
8966118,1,1
8751521,0,1
9801111,1,1
9686040,1,1
2751059,1,0
6837883,1,1
9440953,1,1
1752322,0,1
4720315,0,0
3957348,0,1
6296731,1,1
4665582,1,1
8914526,1,1
7112177,0,0
4721302,0,1
4746280,1,1
7628833,1,1
4628617,0,0
6566870,1,1
5715086,1,1
7897406,0,1
2240186,0,0
6826719,0,0
4399143,0,0
7677042,1,1
9322395,0,0
4061217,1,0
4116907,0,0
9750694,1,0
9306399,1,1
3564300,1,1
6573682,1,1
3179354,0,1
6254543,1,0
8469936,0,1
4795264,1,1
2404314,1,1
9554545,0,1
1278927,0,1
3849712,1,1
5649515,0,1
8479511,1,0
6415328,1,1
1801406,1,1
7481581,1,1
5809788,0,0
1639835,1,1
2951393,1,0
4378105,1,0
9926897,0,0
5190565,0,1
8645583,1,1
3833610,0,1
1443518,1,1
7083430,0,1
8816025,0,1
3937294,1,0
8018754,0,1
5264333,1,1
2234794,1,1
9755023,0,0
4263800,1,0
4401987,1,1
6343222,1,0
8882758,0,1
4003983,0,0
9287286,1,1
5624552,1,0
7462532,1,0
8721355,0,0
9607408,0,1
6068943,1,0
2646936,1,1
1438186,0,0
4232677,1,0
3247466,1,1
4081139,1,1
4477618,0,0
7804257,0,0
4275491,0,1
8958068,0,0
1829393,1,0
3409619,0,1
7244091,0,0
5786276,0,1
1287465,1,1
3618946,1,0
3678843,1,0
2503884,1,1
9837467,0,0
1342800,0,0
4414746,1,1
4519568,1,1
3990579,1,1
6199779,0,0
1556999,1,1
4495744,1,1
5608240,0,1
4196424,1,1
8752583,0,0
3708620,0,1
7761100,0,0
9107337,1,1
6863684,1,1
3785100,0,1
4166820,0,0
3641767,0,0
3729459,1,0
9168278,0,1
5821312,1,1
4706392,1,1
2068558,1,1
9070828,0,1
9045935,0,0
3670506,1,1
7815577,0,0
9173888,0,1
6800494,1,1
9488489,0,1
7581149,0,1
5983994,1,1
6302877,0,1
5679333,1,1
4570985,1,1
8950963,1,1
6868520,1,0
9784714,1,1
7116523,0,0
5299075,0,0
6320322,1,1
7941907,0,0
6936964,1,1
1693689,0,0
2771783,0,0
1466171,1,0
5419242,0,1
3830007,0,0
4973073,1,1
7838675,1,1
9572916,1,1
8620703,0,0
1298532,1,0
8185922,0,0
9780756,1,1
3340019,1,0
4877365,1,0
1875970,1,1
5232586,1,0
1809301,0,0
7173341,1,1
3908197,1,1
1430582,0,1
5341781,0,0
5666242,0,1
7712194,1,1
6143713,1,1
1422711,1,1
5998961,1,0
4790865,1,0
8869489,1,1
3765377,0,0
2245864,1,1
1275697,0,0
3359992,0,0
6958196,0,1
7690758,0,0
2246580,0,1
6858817,1,1
3790182,1,1
7260833,0,0
3781139,0,1
9419304,0,1
8854043,0,0
4846524,0,1
4239965,0,1
2548290,0,1
6546224,1,1
3826363,0,1
5157737,0,0
9177335,1,1
6255157,1,1
6542380,0,0
2211315,1,1
5294010,0,1
6844474,1,1
7751369,0,1
2327066,1,1
9830525,0,0
5291545,0,1
9573016,1,1
7840753,1,1
2832658,1,1
7014859,0,1
8355439,0,1
7886747,1,0
7695587,1,1
5147377,0,1
5982823,1,1
1146610,1,0
7781229,1,1
2682942,0,0
5048137,1,1
8859688,1,1
6716856,1,0
1537151,1,1
6608260,0,1
3183592,1,1
5772605,1,0
9027047,1,0
3486721,0,1
7839925,0,1
5855946,1,1
4832588,1,1
8623983,0,1
5782068,0,1
4125802,0,1
5190277,1,1
7789040,1,0
3633391,1,1
8739642,0,1
8651779,1,1
5197257,1,1
9613276,0,0
9935421,0,1
1213524,1,1
5334542,0,0
9795461,0,0
8128293,1,1
3274913,0,0
9655345,0,1
1155624,0,0
7876233,1,1
9899226,0,0
9835284,0,0
4147809,1,1
1115607,1,0
1328756,0,1
4377323,0,1
1948049,1,0
7523989,0,1
5965663,1,0
8472035,0,0
6743807,0,0
8870966,0,1
5733329,1,1
5053197,0,1
6941451,1,1
6485335,0,1
4915566,1,1
9572490,1,1
1352589,1,0
9502819,0,1
4545029,0,1
8242435,0,0
2026767,1,0
1405818,0,0
7749247,0,0
9597624,1,0
2015174,1,0
7596366,1,0
5499616,0,0
7076473,1,1
3741287,1,1
9152187,1,1
3429907,0,1
8823846,0,0
5625273,1,1
3177591,0,0
5628599,1,0
3596244,0,0
9172427,0,0
9474195,1,0
5724890,0,1
9790585,1,1
3876529,1,0
6658485,0,0
9328888,1,0
5328688,0,0
1370420,0,0
7850197,1,1
1409348,0,0
4184298,1,1
6865508,1,1
4255187,1,1
9768003,1,1
3715793,0,1
6154630,1,1
6171461,0,0
6417589,1,1
5946920,0,0
9278572,1,1
3212393,0,0
6205221,0,0
8178448,0,0
5518032,0,0
5738927,1,1
1549914,1,1
1366582,0,1
2516039,1,0
6155080,1,1
4555937,0,1
9247689,1,1
2961606,0,0
3665401,0,0
9023342,0,0
5750183,0,0
4099945,0,1
1220457,1,1
2758083,1,0
1217084,0,0
6200035,1,1
6033204,0,1
6506165,1,1
8525552,0,1
9010265,1,1
6614980,1,1
4315094,0,0
1434108,1,1
2591822,0,1
9845153,1,1
6269585,1,1
5376901,0,0
2130517,1,0
1417628,0,0
9811279,1,1
6806371,0,0
6560767,0,1
8301687,0,1
1327882,1,1
3300018,0,1
3048166,0,0
8421275,1,1
5840078,0,0
2104507,1,1
4814351,1,0
7076563,1,0
6873290,0,0
7451760,1,1
1155940,0,0
2015392,0,0
8331825,0,0
6827741,1,0
5844309,1,1
4557385,0,1
2266114,0,1
7064496,1,0
7400255,1,1
7368776,0,1
7610495,1,1
1525149,0,0
5601440,0,1
6908916,0,0
7680207,0,0
7333920,1,1
2902540,1,1
8608436,0,0
4232497,1,1
3606181,0,0
4108989,0,1
6414003,0,0
2718268,1,1
4390977,0,1
1228470,1,1
3763012,0,1
1204640,0,1
5521732,1,0
6404998,1,1
9260893,0,0
8386162,1,0
9408263,0,1
9420684,0,0
4510661,1,0
4820541,0,1
7362594,1,0
8832180,1,0
3395574,0,0
5191146,1,1
8564011,0,1
6879329,0,0
2698680,1,1
5995164,0,0
4051403,1,1
2207438,1,1
3587549,0,1
6510621,1,1
3527257,1,1
3615920,1,1
5334330,0,0
2984517,0,0
6124584,0,1
9560343,0,0
8964062,0,0
8082734,0,1
7943393,0,1
8802740,0,0
3164820,0,1
4722684,0,0
3614995,0,1
1948787,0,0
4727953,0,0
7247182,1,0
9953638,1,0
8721982,1,1
7373726,1,0
1465051,0,1
7638970,1,1
8197072,1,1
9133498,1,0
5978821,0,1
2554104,0,1
4610357,1,1
9999421,0,1
9806402,0,0
5488936,1,1
6752970,1,1
2248495,1,1
5203927,0,0
7732051,0,0
5430527,0,0
3529978,0,0
3428322,1,1
3042920,1,1
7144182,0,1
6238409,1,1
6198128,0,0
3580417,0,0
4121607,1,0
8744812,0,0
6309277,0,1
4826515,0,0
8591502,1,0
2725701,0,1
9572069,1,1
9619598,0,0
9482541,1,1
9690275,1,0
4487729,1,0
9702178,1,1
4669289,0,0
6067968,0,0
7238645,0,0
5406040,1,1
7016879,1,0
2520068,1,0
9851993,1,0
1990772,0,0
8533098,1,1
5585001,1,1
7987391,0,0
9320741,1,1
5256695,0,1
4977052,0,0
1676026,0,0
8301661,0,1
1946022,0,0
2458523,1,0
9204579,0,0
1228414,0,1
2465159,0,1
8419630,0,1
4250511,1,1
6919431,1,0
5185107,1,0
3320134,1,1
3277880,0,1
5120275,1,1
7170518,0,1
8726400,1,1
5770277,1,1
2533216,1,1
9689646,1,1
1835064,1,0
5790834,0,1
2932491,0,0
5815308,1,1
4535704,0,1
6937523,1,1
2922442,0,0
3085655,1,0
6606870,1,1
6292418,0,1
9800690,1,0
2770304,0,1
8588727,0,1
3969687,0,1
7208836,0,1
9927335,0,1
3919841,0,0
8490936,1,0
1977893,1,0
6739041,0,1
1689197,0,1
6013426,0,0
2881357,0,1
6063054,0,1
8581330,1,1
1840716,0,0
7584256,0,1
3923466,1,1
3982482,0,1
4464954,0,0
9125212,1,1
7687565,1,1
9685547,1,1
6388113,1,0
2780258,1,1
6620594,1,1
2589583,0,1
2221723,0,1
4925769,1,0
5880221,1,1
2969611,0,0
1279547,1,1
1477864,0,1
1655019,0,1
9075807,1,1
3647414,1,1
6721305,0,1
1804418,1,0
5510359,0,1
8636438,0,1
8769130,1,0
6023682,1,1
4579061,1,1
8026352,0,1
8782201,1,0
8947076,0,1
8049562,1,1
6885056,0,1
6054026,1,0
9253440,1,1
9129594,1,1
8241246,0,0
6715685,0,0
9143187,0,0
6846891,0,1
2402649,1,0
8416539,0,0
6074729,0,1
3692701,1,1
4378064,0,1
7787556,0,0
5014833,0,1
5672129,0,1
8086671,0,0
4216526,1,1
6467107,1,1
4071699,0,1
5901455,1,1
9850810,1,0
8555965,1,0
7559846,1,1
4796436,1,0
7462635,0,1
9102239,1,1
6249876,0,0
4690119,1,0
5486000,0,0
4147804,0,1
9669987,1,1
7171134,1,0
6464090,1,0
8825587,1,0
9192574,0,0
3583736,0,1
3510843,0,0
4383549,0,1
7119336,1,1
4258443,1,1
2078638,0,0
8906157,0,0
8033230,0,0
8494357,0,1
3174253,0,1
2341234,0,1
3906501,1,1
7337670,1,1
7992448,0,0
1815845,0,0
6071014,0,1
4963080,0,1
7048193,1,1
7321715,0,0
8550763,1,1
4015802,0,1
3415382,0,0
2192860,0,0
2438675,0,1
6978070,1,1
4135559,0,0
4297696,1,1
8690704,1,1
7711492,1,0
5035257,0,1
5814204,1,1
1942998,1,1
6126633,1,1
4621018,0,0
3892960,0,0
4793832,1,0
1987204,1,1
1925755,1,1
7375996,0,0
5355680,1,1
7100904,1,1
5306999,1,0
7453501,1,1
6149357,1,1
4740850,0,0
9732127,0,0
2509245,1,1
2994545,0,1
7844830,1,0
6923744,1,1
8281213,0,0
8570698,1,0
2545470,1,0
8221171,1,1
7109798,1,1
5269143,1,1
8905783,1,1
2316328,1,0
4190852,0,0
8206900,1,0
2274336,0,1
1195887,0,1
9172468,0,1
2274960,0,1
9674916,0,0
6289093,1,1
3436257,0,0
5609359,1,1
5289653,0,1
3474500,1,0
8239217,1,1
4517966,1,1
7544332,0,0
6248474,1,1
4133933,0,1
9826687,1,0
7323052,0,0
1330918,0,0
3265474,1,1
9619270,1,0
1630880,0,1
1624795,0,0
3952149,0,1
1149971,1,0
7599132,0,1
3679671,0,0
6874824,1,1
6806637,0,1
1326680,0,1
5166592,0,0
2805452,1,1
6955541,0,1
1614179,0,1
6282157,0,0
9074764,1,1
3278386,1,0
1960145,0,1
9446152,1,1
8289215,1,1
4905075,1,1
7792250,0,0
2794400,0,0
4784925,1,0
9552862,0,1
3343404,1,1
6150110,0,1
8730435,0,0
6693698,1,1
8279066,0,1
2789768,1,1
4886343,1,0
7725281,1,1
9870250,1,1
3143234,0,0
7643917,0,0
5697926,0,1
6230477,0,0
3234356,0,1
3521066,1,1
2841752,1,1
2858135,0,0
7409678,1,1
7689514,1,0
6837667,1,1
3586403,1,1
2853843,0,0
8406795,1,1
8527324,1,1
4037301,0,0
5072029,0,1
5823105,0,0
1943001,1,0
4499284,1,1
3961756,1,1
5242464,1,1
9520397,1,0
8648833,0,1
6318238,1,1
1693620,0,1
5275131,0,0
2321909,0,0
8851162,1,1
8047860,1,1
4752779,0,1
4209229,0,1
6972050,0,0
8347320,1,1
4148105,0,0
6746938,1,0
1400558,0,0
2622816,1,1
4789457,1,1
7105374,1,1
2260991,0,0
6564827,1,0
3888167,0,1
5019322,1,1
5164540,1,0
1793293,1,1
9286713,1,1
1678870,1,0
6968051,1,1
6849742,1,1
5797590,1,1
5970197,1,1
6162618,1,1
5843623,0,1
6867790,1,1
3187186,0,0
9839875,1,1
8357121,0,1
1804607,1,1
2816336,0,0
5639461,1,1
4612163,1,1
7427194,0,0
6383560,1,1
8482353,1,1
6984744,0,1
5633775,0,0
9889186,1,1
1410722,0,0
7192314,0,1
9312152,1,1
7053503,0,0
6423986,0,1
6961655,0,1
4273472,0,1
4173611,1,1
6975384,0,1
5083185,0,1
6454192,1,1
8439566,1,1
3896116,1,0
5493589,1,1
2133985,1,1
4524738,0,1
4846559,0,1
7721247,0,1
7383029,1,1
5860577,1,1
6330326,1,1
9769703,1,1
4496088,0,0
1116370,0,0
5283195,1,1
2580669,1,1
9629030,1,0
6006764,1,1
8563149,1,1
6063900,1,1
1178069,1,0
7265641,0,0
4937270,0,0
4709957,1,0
7807796,0,1
4254891,0,1
5599115,0,1
1759985,0,1
7747657,0,0
6159673,0,0
2251250,1,1
8986153,1,1
2906773,0,1
7290539,1,0
4852968,1,0
1589035,0,1
2744946,1,1
5264159,1,1
3452482,0,1
2146453,1,1
5012417,0,0
1136689,1,1
6194335,1,1
4667758,0,0
2383093,1,1
5699032,1,0
3109344,1,1
2963876,0,0
8389669,1,1
8942205,1,0
7836701,1,1
9970078,1,0
3356338,0,0
3902690,1,1
4357196,0,0
7786256,0,0
9403051,0,0
6279007,1,0
4138040,0,1
5092811,1,1
8997243,1,1
6337914,1,1
8256030,1,1
1287599,1,1
2524987,0,0
8430934,0,1
5758407,1,0
3508242,1,0
1270023,0,0
9966191,0,1
9979697,1,0
3883089,1,1
3684982,1,1
8862407,1,0
3376293,0,0
3105184,1,1
9716187,1,1
8578461,0,0
8191873,1,1
2618346,1,0
2738840,1,1
7540521,0,0
7184823,1,0
9160719,1,1
6335524,1,1
8803194,1,0
2901403,1,1
6425551,1,1
7960963,0,0
1332546,0,1
9330683,1,0
6177148,0,1
8175089,1,0
1323429,1,1
3529539,0,1
6864555,1,1
3198083,1,0
6185537,0,0
2735576,1,0
4611296,0,1
8047611,1,1
3749471,0,1
1991213,1,1
1948380,0,0
4579860,1,0
9346009,0,0
1793981,0,0
3400497,1,0
3689754,1,1
3864031,1,1
2977725,1,1
8089887,0,1
7477227,1,1
7601832,1,0
1787305,1,1
6588453,0,0
7206524,1,1
4994419,1,1
8433990,0,1
7354392,1,1
8519683,0,0
4938165,1,1
2686648,1,1
3230422,0,0
9728054,0,1
7153780,0,0
7218237,0,0
5906415,0,1
6427133,1,1
4232280,1,1
2081321,1,1
9291915,0,0
6398985,1,0
2976789,0,1
9896235,1,1
9078676,1,0
3951365,1,1
9056415,0,0
3136993,1,1
7987903,1,0
4741611,1,1
2030152,1,1
4085694,0,0
6981991,0,0
3293323,0,1
3850512,1,1
6319746,1,1
4947181,1,1
4791383,1,1
4170139,1,1
4907451,0,1
1316575,1,1
8355142,1,1
8908605,1,0
8359927,0,1
5991343,0,0
3565211,1,0
6491942,0,0
5559022,1,1
3894731,1,0
2285739,0,0
9021508,1,1
1331994,0,1
8687878,0,0
1372685,0,0
6422358,1,1
4805341,0,0
8926094,1,0
5846393,0,1
2706478,1,1
5363259,0,0
7378272,1,1
4997957,0,0
2819065,1,1
8057166,0,0
8115683,0,0
1656689,1,1
8213237,0,0
9742234,1,0
7170005,1,1
4573663,0,1
3971906,1,1
1765246,1,0
8564990,0,0
4865551,0,0
9360291,0,1
4667326,1,1
9294706,0,0
6604542,1,1
4502470,1,1
1908831,1,1
5711440,1,0
1829815,0,0
9839017,1,1
5864490,1,1
4344873,0,1
8417064,1,1
2240382,1,1
8167376,0,0
5911032,1,1
5206348,0,0
6641071,0,0
9613408,1,0
3727284,1,1
2798290,0,0
2203153,1,1
6014026,1,0
4321715,1,1
6939158,0,0
3536096,0,0
2852105,1,1
2567596,1,1
2663108,1,1
9419342,0,0
3464046,1,1
2524159,1,1
7242015,1,0
5216817,1,0
2810413,1,1
5255646,1,1
1837096,0,0
8238642,0,0
8471700,0,0
2996508,0,0
8615471,1,1
3828589,0,1
5661342,0,1
5308944,0,0
3027118,0,1
9600685,1,0
7133959,1,1
3916516,1,0
2793716,0,0
2719925,1,0
4787915,1,1
3737435,1,1
9616589,1,1
9553891,1,1
8788200,1,1
2971351,0,0
5064100,0,1
2357202,1,1
4996461,0,0
4410854,0,0
3373960,0,0
4659076,1,1
3666597,1,0
3366838,0,0
8864334,1,1
4066951,1,0
7121387,1,1
6212549,0,1
1375442,1,1
1719132,1,1
5098778,0,0
7387800,0,1
3241800,0,1
6753015,1,0
5717621,1,1
4291626,1,1
2216605,0,0
3914850,1,1
1725780,1,0
9770852,0,1
8291281,1,1
7904430,0,1
4177293,1,0
8195400,0,0
5661762,1,1
1335348,0,1
8396940,1,1
8739167,0,0
8583559,1,1
3054647,0,0
6985428,1,1
3369933,1,1
7148373,1,1
2849101,0,0
5804736,0,0
6352885,1,1
6200089,1,1
5966598,0,0
8775758,1,0
9271757,1,0
4986774,1,0
4328924,1,1
3595355,1,1
6145211,0,0
2770727,0,1
3646671,1,0
9481919,1,1
9516206,0,0
2790397,1,0
8700499,1,1
8153730,1,0
3070355,1,0
8611567,1,1
2160854,0,0
3167770,1,0
7195020,1,0
1796486,0,0
6328398,0,1
6944512,0,1
1447006,0,0
6280167,1,1
8738656,1,1
6094795,0,1
2689240,1,0
7757151,1,0
2301564,1,1
1459916,0,1
5025007,1,1
5555899,1,1
8014234,1,0
5662430,0,1
4354253,0,0
7107217,0,0
8495374,1,0
1703108,0,0
2692543,0,1
1989026,1,1
8558473,0,1
4595308,1,1
1357030,1,0
7033665,1,0
2847888,0,1
3728435,1,1
8209621,1,1
6288861,1,1
9382240,1,0
3260900,0,0
4294323,1,1
3607615,1,1
4073546,1,1
2319005,1,0
5235461,1,0
7879944,0,0
7562068,1,1
1202336,0,0
7281182,1,1
1519321,0,1
2943869,0,0
1607230,1,1
2589206,0,0
2996766,0,1
7051104,0,1
1989588,0,1
4048244,1,1
5895153,0,1
1607362,0,0
9613969,0,0
8209595,0,1
8166646,1,1
5973699,1,0
6091094,0,1
3499135,0,0
7828310,1,1
4362621,0,1
8115461,0,0
8880929,1,1
3886778,0,0
4057997,1,1
3545823,0,0
5299054,0,0
1242674,1,0
4978015,1,1
4305951,0,1
9462008,0,1
1545128,0,0
8410707,1,1
5181186,1,1
3091583,0,0
8215366,0,0
3206313,1,1
1468660,1,0
9301366,0,0
7488400,0,1
2200754,1,1
7816041,1,0
2365958,1,1
7997931,0,1
1132560,1,1
4186764,0,0
6006548,1,1
9645438,1,1
5227365,0,1
1292152,1,0
7641509,1,1
9544376,0,0
5539769,0,0
7593214,0,0
6527857,1,0
8923264,1,1
8712241,1,1
5600156,0,0
7938312,1,1
7271427,1,0
7405045,1,1
2097093,0,0
6434113,1,1
1355037,1,1
5328472,0,0
4332719,1,1
1838918,1,1
5246908,1,0
3871593,1,0
4146121,1,1
2319593,0,1
8435259,1,1
7652166,0,0
7568961,0,1
8651549,1,1
3877387,0,0
6755440,1,1
1786115,1,1
2218205,1,0
7765812,0,0
2634410,1,1
8657863,0,0
5411086,1,1
4607145,0,0
7393800,1,1
4366560,1,1
1899370,0,0
7049328,0,1
8425265,0,0
3493241,1,0
2980417,1,1
7518636,1,0
2943802,0,0
3452712,1,0
4554215,1,0
9553029,1,1
3815068,0,0
9333325,1,1
1204836,1,1
5482180,1,0
7025798,0,1
8599474,1,1
6515217,0,1
2723171,1,1
5624810,0,1
5185060,1,1
7371297,0,1
1130572,1,1
8851916,0,1
9169096,0,1
4031533,1,0
7027559,0,1
6671410,0,0
1360011,1,1
6035972,1,1
1978673,0,1
5488768,1,1
7555642,1,1
4472405,1,1
6064265,1,1
2152393,0,0
9055772,1,1
1782045,1,0
6764884,1,1
6166131,0,0
5351059,0,1
7220282,0,0
2678962,1,1
2102860,1,1
3954101,1,1
5117542,1,1
8284530,0,0
3138650,1,1
3871675,0,0
2105203,1,0
6234126,0,0
3211568,0,1
2133896,0,1
7676344,1,1
6775612,0,1
4350286,1,1
6577614,1,1
6697204,1,1
7757338,1,0
4859785,0,0
5972468,0,1
9739908,1,1
2458573,1,1
2637368,0,0
7070654,0,1
7954305,1,1
1247271,1,1
4730067,1,0
8996752,1,0
2865650,0,0
3620673,1,0
6925069,1,0
4151307,0,0
6860110,0,0
1784729,0,1
2247736,1,1
6385966,1,1
2003327,0,0
3403960,0,0
5689154,1,1
2232138,0,0
6217086,1,1
4577696,0,0
5164096,0,0
7284344,0,0
2895950,0,0
6369809,1,1
2631630,0,1
5939753,1,1
6830603,1,0
4825846,0,0
1318784,0,1
8611759,1,1
7968533,1,1
8336536,0,0
1845301,1,1
6609728,1,1
8272402,1,0
7660711,0,0
2795672,1,0
2274400,1,0
9604082,1,0
7409992,0,0
1369231,0,1
1448508,1,1
5370673,1,0
3516172,0,1
7378244,0,0
7559089,0,1
8267883,1,1
6021284,1,1
7125825,1,1
6805553,1,1
1724394,1,0
3480129,0,1
3749453,0,0
7739144,1,1
6443163,0,1
1920898,1,1
1365132,1,1
6054693,0,1
7059289,0,1
3605550,1,1
4178198,1,1
9034542,1,1
2977929,1,0
3922976,1,1
6738242,1,1
6863877,0,1
5424908,0,1
7235504,0,1
3024822,1,1
5733654,0,1
1121172,1,1
3661060,0,0
8127874,1,1
9627711,1,1
8999585,0,0
4859292,1,1
4867078,1,1
7552253,1,0
5217016,1,1
9960810,0,0
1672273,0,1
7579250,1,0
2120242,0,0
3995100,1,1
4988111,1,0
6075780,1,1
4074385,1,1
7396175,0,1
9640798,1,1
5646177,1,1
3923357,1,1
5423375,1,1
3528960,1,0
3743551,1,0
2657105,0,1
7856885,0,0
2271416,0,1
1369489,1,1
9892595,0,1
9949820,1,1
4261068,1,1
6536143,1,0
1182824,0,0
4073061,1,0
7437977,0,1
2474299,1,0
6811018,1,0
3524128,0,1
6870234,1,0
2896914,0,0
3189985,0,1
4576764,1,1
7798750,0,1
9588553,0,0
4071662,0,0
1138867,0,0
4605763,1,1
7437137,1,0
8566319,0,1
8684738,0,0
2783379,0,1
5229281,0,0
4060585,1,1
2294093,0,1
4269342,1,0
7568381,1,1
9495545,1,1
8210956,1,1
4842236,1,0
6891471,0,0
9053127,1,0
8933345,0,0
6462467,1,0
3969378,0,0
6220032,1,1
4921583,0,1
5001725,1,0
3952367,0,1
1932288,1,1
5737298,1,0
5794835,1,1
2038311,1,0
3359183,1,1
8955663,0,1
9810516,1,0
4077776,1,1
5894257,1,1
7951112,0,0
9669300,1,0
5324516,1,1
6179483,1,1
8168386,0,1
5005933,1,1
8685095,0,0
2250756,1,1
1498559,1,1
2619145,1,1
4425284,1,1
2762532,1,1
2827440,0,1
5923942,1,0
9804830,0,1
5303025,1,0
8630080,0,0
6360112,1,0
2440513,1,0
9418268,0,0
9384491,1,1
2445124,1,0
6534419,1,1
5501730,1,1
6683084,1,1
